<?xml version="1.0" encoding="UTF-8"?>
<beans xmlns="http://www.springframework.org/schema/beans"
    xmlns:xsi="http://www.w3.org/2001/XMLSchema-instance"
    xsi:schemaLocation="
http://www.springframework.org/schema/beans http://www.springframework.org/schema/beans/spring-beans.xsd">
 
    <!-- bean definitions here -->
 
<bean id="dataSource" class="org.apache.commons.dbcp2.BasicDataSource">
<property name="driverClassName" value="org.postgresql.Driver" />
<property name="url" value="jdbc:postgresql://localhost:5434/postgres" />
<property name="username" value="postgres" />
<property name="password" value="root123" />
</bean>
<bean id="jdbcAccountImpl" class="com.impl.JDBCAccountImpl">
<constructor-arg  ref="dataSource" />
</bean>
<bean id="JDBCRewardRepositoryImpl" class="com.impl.JDBCRewardRepositoryImpl">
<constructor-arg ref="dataSource" />
</bean>
<bean id="JDBCTransactionRepositoryImpl" class="com.impl.JDBCTransactionRepositoryImpl">
<constructor-arg ref="dataSource" />
</bean>
<bean id="emailService" class="com.model.EmailService"/>
<bean id="bankService" class="com.impl.BankServiceImpl">
<constructor-arg ref="accountRepository"/>
<constructor-arg ref="transactionRepository"/>
<constructor-arg ref="emailService"/>
</bean>
</beans>